customer_id,customer_name,city,state,segment,signup_date
CUS0001,Aarav Reddy,Hyderabad,Telangana,Consumer,2022-01-05
CUS0002,Diya Patel,Pune,Maharashtra,Small Business,2023-02-01
CUS0003,Ishaan Gupta,Mumbai,Maharashtra,Home Office,2023-06-07
CUS0004,Meera Joshi,Bengaluru,Karnataka,Consumer,2023-01-21
CUS0005,Kabir Banerjee,Bengaluru,Karnataka,Small Business,2022-09-26
CUS0006,Ananya Reddy,Delhi,Delhi,Small Business,2023-08-03
CUS0007,Rohan Patel,Hyderabad,Telangana,Consumer,2022-09-17
CUS0008,Sara Gupta,Pune,Maharashtra,Home Office,2023-05-13
CUS0009,Vikram Joshi,Vijayawada,Andhra Pradesh,Consumer,2022-11-21
CUS0010,Nisha Banerjee,Hyderabad,Telangana,Small Business,2022-01-19
CUS0011,Arjun Reddy,Chennai,Tamil Nadu,Corporate,2023-01-07
CUS0012,Priya Patel,Kolkata,West Bengal,Corporate,2022-02-04
CUS0013,Rahul Gupta,Pune,Maharashtra,Consumer,2023-10-14
CUS0014,Kavya Joshi,Pune,Maharashtra,Small Business,2023-02-26
CUS0015,Aditya Banerjee,Pune,Maharashtra,Consumer,2022-09-18
CUS0016,Sneha Reddy,Delhi,Delhi,Consumer,2022-12-07
CUS0017,Aarav Patel,Chennai,Tamil Nadu,Consumer,2023-03-10
CUS0018,Diya Gupta,Vijayawada,Andhra Pradesh,Home Office,2022-07-02
CUS0019,Ishaan Joshi,Delhi,Delhi,Consumer,2022-07-21
CUS0020,Meera Banerjee,Chennai,Tamil Nadu,Small Business,2022-10-21
CUS0021,Kabir Reddy,Chennai,Tamil Nadu,Corporate,2022-07-01
CUS0022,Ananya Patel,Bengaluru,Karnataka,Consumer,2023-06-15
CUS0023,Rohan Gupta,Vijayawada,Andhra Pradesh,Consumer,2022-03-14
CUS0024,Sara Joshi,Kolkata,West Bengal,Consumer,2023-08-02
CUS0025,Vikram Banerjee,Delhi,Delhi,Corporate,2022-09-01
CUS0026,Nisha Reddy,Mumbai,Maharashtra,Home Office,2023-01-28
CUS0027,Arjun Patel,Bengaluru,Karnataka,Consumer,2022-04-21
CUS0028,Priya Gupta,Delhi,Delhi,Home Office,2022-09-27
CUS0029,Rahul Joshi,Chennai,Tamil Nadu,Consumer,2023-06-13
CUS0030,Kavya Banerjee,Bengaluru,Karnataka,Home Office,2022-07-09
CUS0031,Aditya Reddy,Chennai,Tamil Nadu,Small Business,2022-04-03
CUS0032,Sneha Patel,Visakhapatnam,Andhra Pradesh,Home Office,2023-01-01
CUS0033,Aarav Gupta,Hyderabad,Telangana,Home Office,2022-04-24
CUS0034,Diya Joshi,Chennai,Tamil Nadu,Home Office,2022-08-09
CUS0035,Ishaan Banerjee,Delhi,Delhi,Consumer,2022-11-12
CUS0036,Meera Reddy,Hyderabad,Telangana,Consumer,2023-01-30
CUS0037,Kabir Patel,Delhi,Delhi,Consumer,2023-03-24
CUS0038,Ananya Gupta,Delhi,Delhi,Corporate,2023-04-19
CUS0039,Rohan Joshi,Visakhapatnam,Andhra Pradesh,Home Office,2023-08-15
CUS0040,Sara Banerjee,Mumbai,Maharashtra,Corporate,2022-02-16
CUS0041,Vikram Reddy,Vijayawada,Andhra Pradesh,Small Business,2022-09-11
CUS0042,Nisha Patel,Pune,Maharashtra,Consumer,2022-01-01
CUS0043,Arjun Gupta,Pune,Maharashtra,Home Office,2022-01-07
CUS0044,Priya Joshi,Bengaluru,Karnataka,Consumer,2022-05-29
CUS0045,Rahul Banerjee,Hyderabad,Telangana,Consumer,2023-02-23
CUS0046,Kavya Reddy,Kolkata,West Bengal,Home Office,2023-09-19
CUS0047,Aditya Patel,Chennai,Tamil Nadu,Small Business,2023-06-26
CUS0048,Sneha Gupta,Kolkata,West Bengal,Corporate,2023-03-29
CUS0049,Aarav Joshi,Pune,Maharashtra,Consumer,2023-06-29
CUS0050,Diya Banerjee,Delhi,Delhi,Corporate,2022-05-01
CUS0051,Ishaan Reddy,Pune,Maharashtra,Consumer,2023-08-11
CUS0052,Meera Patel,Vijayawada,Andhra Pradesh,Small Business,2023-09-16
CUS0053,Kabir Gupta,Bengaluru,Karnataka,Home Office,2022-03-08
CUS0054,Ananya Joshi,Chennai,Tamil Nadu,Consumer,2022-11-25
CUS0055,Rohan Banerjee,Chennai,Tamil Nadu,Consumer,2023-08-05
CUS0056,Sara Reddy,Hyderabad,Telangana,Consumer,2022-11-30
CUS0057,Vikram Patel,Chennai,Tamil Nadu,Small Business,2023-08-12
CUS0058,Nisha Gupta,Vijayawada,Andhra Pradesh,Corporate,2023-10-17
CUS0059,Arjun Joshi,Pune,Maharashtra,Home Office,2022-11-29
CUS0060,Priya Banerjee,Pune,Maharashtra,Corporate,2022-02-11
CUS0061,Rahul Reddy,Kolkata,West Bengal,Corporate,2022-08-27
CUS0062,Kavya Patel,Pune,Maharashtra,Consumer,2022-05-31
CUS0063,Aditya Gupta,Bengaluru,Karnataka,Small Business,2022-11-28
CUS0064,Sneha Joshi,Kolkata,West Bengal,Consumer,2023-02-15
CUS0065,Aarav Banerjee,Bengaluru,Karnataka,Corporate,2022-11-21
CUS0066,Diya Reddy,Visakhapatnam,Andhra Pradesh,Home Office,2022-05-17
CUS0067,Ishaan Patel,Kolkata,West Bengal,Corporate,2022-07-30
CUS0068,Meera Gupta,Bengaluru,Karnataka,Small Business,2023-04-21
CUS0069,Kabir Joshi,Hyderabad,Telangana,Consumer,2022-01-19
CUS0070,Ananya Banerjee,Chennai,Tamil Nadu,Corporate,2022-05-30
CUS0071,Rohan Reddy,Delhi,Delhi,Consumer,2023-09-17
CUS0072,Sara Patel,Vijayawada,Andhra Pradesh,Corporate,2022-03-11
CUS0073,Vikram Gupta,Chennai,Tamil Nadu,Consumer,2022-10-18
CUS0074,Nisha Joshi,Vijayawada,Andhra Pradesh,Consumer,2022-05-25
CUS0075,Arjun Banerjee,Pune,Maharashtra,Consumer,2022-03-15
CUS0076,Priya Reddy,Chennai,Tamil Nadu,Consumer,2022-10-23
CUS0077,Rahul Patel,Visakhapatnam,Andhra Pradesh,Consumer,2023-01-01
CUS0078,Kavya Gupta,Visakhapatnam,Andhra Pradesh,Corporate,2022-05-04
CUS0079,Aditya Joshi,Mumbai,Maharashtra,Corporate,2022-02-24
CUS0080,Sneha Banerjee,Pune,Maharashtra,Consumer,2022-04-05
CUS0081,Aarav Reddy,Kolkata,West Bengal,Consumer,2023-04-02
CUS0082,Diya Patel,Bengaluru,Karnataka,Consumer,2023-08-26
CUS0083,Ishaan Gupta,Vijayawada,Andhra Pradesh,Corporate,2022-05-07
CUS0084,Meera Joshi,Delhi,Delhi,Consumer,2022-08-13
CUS0085,Kabir Banerjee,Mumbai,Maharashtra,Consumer,2022-08-29
CUS0086,Ananya Reddy,Pune,Maharashtra,Consumer,2022-09-10
CUS0087,Rohan Patel,Hyderabad,Telangana,Corporate,2022-06-21
CUS0088,Sara Gupta,Visakhapatnam,Andhra Pradesh,Consumer,2022-02-08
CUS0089,Vikram Joshi,Pune,Maharashtra,Corporate,2023-01-03
CUS0090,Nisha Banerjee,Delhi,Delhi,Corporate,2022-09-08
CUS0091,Arjun Reddy,Bengaluru,Karnataka,Home Office,2022-08-28
CUS0092,Priya Patel,Delhi,Delhi,Corporate,2022-07-05
CUS0093,Rahul Gupta,Delhi,Delhi,Corporate,2023-10-13
CUS0094,Kavya Joshi,Bengaluru,Karnataka,Consumer,2023-03-04
CUS0095,Aditya Banerjee,Kolkata,West Bengal,Home Office,2022-10-21
CUS0096,Sneha Reddy,Visakhapatnam,Andhra Pradesh,Corporate,2022-05-24
CUS0097,Aarav Patel,Visakhapatnam,Andhra Pradesh,Consumer,2023-07-15
CUS0098,Diya Gupta,Pune,Maharashtra,Corporate,2023-09-14
CUS0099,Ishaan Joshi,Mumbai,Maharashtra,Consumer,2022-01-23
CUS0100,Meera Banerjee,Vijayawada,Andhra Pradesh,Corporate,2023-10-13
CUS0101,Kabir Reddy,Delhi,Delhi,Home Office,2023-05-05
CUS0102,Ananya Patel,Vijayawada,Andhra Pradesh,Small Business,2022-03-11
CUS0103,Rohan Gupta,Delhi,Delhi,Small Business,2023-06-12
CUS0104,Sara Joshi,Hyderabad,Telangana,Corporate,2022-03-17
CUS0105,Vikram Banerjee,Delhi,Delhi,Corporate,2022-02-05
CUS0106,Nisha Reddy,Delhi,Delhi,Home Office,2022-03-22
CUS0107,Arjun Patel,Delhi,Delhi,Consumer,2022-11-18
CUS0108,Priya Gupta,Mumbai,Maharashtra,Home Office,2023-03-10
CUS0109,Rahul Joshi,Chennai,Tamil Nadu,Corporate,2022-10-13
CUS0110,Kavya Banerjee,Pune,Maharashtra,Consumer,2022-03-27
CUS0111,Aditya Reddy,Visakhapatnam,Andhra Pradesh,Consumer,2022-05-20
CUS0112,Sneha Patel,Delhi,Delhi,Home Office,2023-08-20
CUS0113,Aarav Gupta,Mumbai,Maharashtra,Consumer,2023-11-05
CUS0114,Diya Joshi,Chennai,Tamil Nadu,Consumer,2023-06-12
CUS0115,Ishaan Banerjee,Chennai,Tamil Nadu,Consumer,2022-03-14
CUS0116,Meera Reddy,Mumbai,Maharashtra,Consumer,2023-07-28
CUS0117,Kabir Patel,Hyderabad,Telangana,Consumer,2023-04-30
CUS0118,Ananya Gupta,Vijayawada,Andhra Pradesh,Home Office,2023-01-04
CUS0119,Rohan Joshi,Visakhapatnam,Andhra Pradesh,Consumer,2022-04-11
CUS0120,Sara Banerjee,Vijayawada,Andhra Pradesh,Home Office,2023-11-29
CUS0121,Vikram Reddy,Bengaluru,Karnataka,Small Business,2022-11-06
CUS0122,Nisha Patel,Pune,Maharashtra,Consumer,2022-01-31
CUS0123,Arjun Gupta,Mumbai,Maharashtra,Consumer,2022-05-27
CUS0124,Priya Joshi,Chennai,Tamil Nadu,Corporate,2022-10-08
CUS0125,Rahul Banerjee,Delhi,Delhi,Consumer,2022-02-13
CUS0126,Kavya Reddy,Mumbai,Maharashtra,Consumer,2022-08-15
CUS0127,Aditya Patel,Hyderabad,Telangana,Small Business,2022-11-24
CUS0128,Sneha Gupta,Pune,Maharashtra,Small Business,2023-10-27
CUS0129,Aarav Joshi,Mumbai,Maharashtra,Home Office,2022-03-02
CUS0130,Diya Banerjee,Mumbai,Maharashtra,Consumer,2023-02-08
CUS0131,Ishaan Reddy,Mumbai,Maharashtra,Home Office,2023-10-04
CUS0132,Meera Patel,Chennai,Tamil Nadu,Home Office,2023-07-19
CUS0133,Kabir Gupta,Hyderabad,Telangana,Consumer,2023-10-10
CUS0134,Ananya Joshi,Mumbai,Maharashtra,Corporate,2022-04-30
CUS0135,Rohan Banerjee,Delhi,Delhi,Consumer,2023-07-15
CUS0136,Sara Reddy,Visakhapatnam,Andhra Pradesh,Consumer,2023-11-17
CUS0137,Vikram Patel,Mumbai,Maharashtra,Corporate,2022-08-17
CUS0138,Nisha Gupta,Hyderabad,Telangana,Consumer,2022-12-16
CUS0139,Arjun Joshi,Bengaluru,Karnataka,Consumer,2023-01-07
CUS0140,Priya Banerjee,Bengaluru,Karnataka,Home Office,2022-12-12
CUS0141,Rahul Reddy,Kolkata,West Bengal,Small Business,2022-07-22
CUS0142,Kavya Patel,Vijayawada,Andhra Pradesh,Corporate,2023-11-11
CUS0143,Aditya Gupta,Visakhapatnam,Andhra Pradesh,Home Office,2023-11-01
CUS0144,Sneha Joshi,Bengaluru,Karnataka,Small Business,2022-09-24
CUS0145,Aarav Banerjee,Kolkata,West Bengal,Consumer,2023-07-18
CUS0146,Diya Reddy,Delhi,Delhi,Consumer,2022-10-06
CUS0147,Ishaan Patel,Hyderabad,Telangana,Consumer,2023-07-11
CUS0148,Meera Gupta,Visakhapatnam,Andhra Pradesh,Consumer,2023-02-14
CUS0149,Kabir Joshi,Delhi,Delhi,Home Office,2022-11-26
CUS0150,Ananya Banerjee,Hyderabad,Telangana,Consumer,2022-03-31
CUS0151,Rohan Reddy,Delhi,Delhi,Corporate,2023-04-04
CUS0152,Sara Patel,Visakhapatnam,Andhra Pradesh,Consumer,2022-08-13
CUS0153,Vikram Gupta,Kolkata,West Bengal,Consumer,2022-06-01
CUS0154,Nisha Joshi,Visakhapatnam,Andhra Pradesh,Small Business,2022-05-16
CUS0155,Arjun Banerjee,Bengaluru,Karnataka,Consumer,2023-11-19
CUS0156,Priya Reddy,Mumbai,Maharashtra,Consumer,2022-03-14
CUS0157,Rahul Patel,Vijayawada,Andhra Pradesh,Consumer,2023-07-13
CUS0158,Kavya Gupta,Mumbai,Maharashtra,Corporate,2023-08-30
CUS0159,Aditya Joshi,Chennai,Tamil Nadu,Corporate,2022-01-22
CUS0160,Sneha Banerjee,Delhi,Delhi,Corporate,2023-02-17
CUS0161,Aarav Reddy,Kolkata,West Bengal,Consumer,2023-02-09
CUS0162,Diya Patel,Mumbai,Maharashtra,Consumer,2022-09-09
CUS0163,Ishaan Gupta,Bengaluru,Karnataka,Home Office,2023-04-12
CUS0164,Meera Joshi,Bengaluru,Karnataka,Corporate,2022-10-14
CUS0165,Kabir Banerjee,Bengaluru,Karnataka,Corporate,2022-11-04
CUS0166,Ananya Reddy,Delhi,Delhi,Home Office,2022-10-30
CUS0167,Rohan Patel,Visakhapatnam,Andhra Pradesh,Home Office,2023-07-15
CUS0168,Sara Gupta,Vijayawada,Andhra Pradesh,Consumer,2023-03-20
CUS0169,Vikram Joshi,Bengaluru,Karnataka,Consumer,2022-09-23
CUS0170,Nisha Banerjee,Hyderabad,Telangana,Corporate,2023-10-11
CUS0171,Arjun Reddy,Hyderabad,Telangana,Consumer,2023-07-16
CUS0172,Priya Patel,Hyderabad,Telangana,Home Office,2023-10-15
CUS0173,Rahul Gupta,Pune,Maharashtra,Corporate,2023-05-27
CUS0174,Kavya Joshi,Pune,Maharashtra,Home Office,2022-10-02
CUS0175,Aditya Banerjee,Pune,Maharashtra,Small Business,2023-06-26
CUS0176,Sneha Reddy,Chennai,Tamil Nadu,Corporate,2022-08-19
CUS0177,Aarav Patel,Pune,Maharashtra,Small Business,2022-07-09
CUS0178,Diya Gupta,Vijayawada,Andhra Pradesh,Corporate,2022-11-12
CUS0179,Ishaan Joshi,Kolkata,West Bengal,Small Business,2023-11-10
CUS0180,Meera Banerjee,Chennai,Tamil Nadu,Consumer,2023-02-02
CUS0181,Kabir Reddy,Kolkata,West Bengal,Corporate,2022-09-26
CUS0182,Ananya Patel,Vijayawada,Andhra Pradesh,Corporate,2022-11-20
CUS0183,Rohan Gupta,Chennai,Tamil Nadu,Consumer,2022-07-23
CUS0184,Sara Joshi,Pune,Maharashtra,Consumer,2023-04-07
CUS0185,Vikram Banerjee,Chennai,Tamil Nadu,Small Business,2022-09-03
CUS0186,Nisha Reddy,Chennai,Tamil Nadu,Corporate,2023-01-24
CUS0187,Arjun Patel,Vijayawada,Andhra Pradesh,Consumer,2022-09-16
CUS0188,Priya Gupta,Bengaluru,Karnataka,Consumer,2022-08-13
CUS0189,Rahul Joshi,Visakhapatnam,Andhra Pradesh,Consumer,2023-11-11
CUS0190,Kavya Banerjee,Visakhapatnam,Andhra Pradesh,Consumer,2022-08-31
CUS0191,Aditya Reddy,Pune,Maharashtra,Small Business,2022-02-19
CUS0192,Sneha Patel,Mumbai,Maharashtra,Consumer,2022-09-23
CUS0193,Aarav Gupta,Mumbai,Maharashtra,Consumer,2023-01-08
CUS0194,Diya Joshi,Bengaluru,Karnataka,Corporate,2022-03-08
CUS0195,Ishaan Banerjee,Kolkata,West Bengal,Consumer,2022-08-02
CUS0196,Meera Reddy,Hyderabad,Telangana,Consumer,2022-04-27
CUS0197,Kabir Patel,Bengaluru,Karnataka,Home Office,2022-12-17
CUS0198,Ananya Gupta,Vijayawada,Andhra Pradesh,Corporate,2023-05-22
CUS0199,Rohan Joshi,Bengaluru,Karnataka,Small Business,2023-11-09
CUS0200,Sara Banerjee,Kolkata,West Bengal,Corporate,2022-09-30
CUS0201,Vikram Reddy,Bengaluru,Karnataka,Corporate,2023-08-28
CUS0202,Nisha Patel,Kolkata,West Bengal,Home Office,2022-05-31
CUS0203,Arjun Gupta,Chennai,Tamil Nadu,Small Business,2023-07-01
CUS0204,Priya Joshi,Pune,Maharashtra,Home Office,2023-01-29
CUS0205,Rahul Banerjee,Chennai,Tamil Nadu,Small Business,2023-06-15
CUS0206,Kavya Reddy,Visakhapatnam,Andhra Pradesh,Home Office,2023-06-13
CUS0207,Aditya Patel,Pune,Maharashtra,Small Business,2023-01-08
CUS0208,Sneha Gupta,Kolkata,West Bengal,Consumer,2022-06-30
CUS0209,Aarav Joshi,Visakhapatnam,Andhra Pradesh,Home Office,2023-01-04
CUS0210,Diya Banerjee,Delhi,Delhi,Consumer,2023-08-02
CUS0211,Ishaan Reddy,Visakhapatnam,Andhra Pradesh,Corporate,2023-11-11
CUS0212,Meera Patel,Pune,Maharashtra,Corporate,2023-10-12
CUS0213,Kabir Gupta,Delhi,Delhi,Small Business,2022-05-08
CUS0214,Ananya Joshi,Chennai,Tamil Nadu,Small Business,2023-02-23
CUS0215,Rohan Banerjee,Pune,Maharashtra,Consumer,2022-03-15
CUS0216,Sara Reddy,Visakhapatnam,Andhra Pradesh,Home Office,2023-04-14
CUS0217,Vikram Patel,Hyderabad,Telangana,Home Office,2023-11-26
CUS0218,Nisha Gupta,Hyderabad,Telangana,Consumer,2022-02-06
CUS0219,Arjun Joshi,Chennai,Tamil Nadu,Consumer,2023-04-05
CUS0220,Priya Banerjee,Kolkata,West Bengal,Consumer,2023-10-24
CUS0221,Rahul Reddy,Vijayawada,Andhra Pradesh,Home Office,2023-08-17
CUS0222,Kavya Patel,Chennai,Tamil Nadu,Corporate,2022-10-02
CUS0223,Aditya Gupta,Pune,Maharashtra,Small Business,2022-03-14
CUS0224,Sneha Joshi,Vijayawada,Andhra Pradesh,Corporate,2023-10-09
CUS0225,Aarav Banerjee,Pune,Maharashtra,Small Business,2023-10-07
CUS0226,Diya Reddy,Visakhapatnam,Andhra Pradesh,Consumer,2023-02-10
CUS0227,Ishaan Patel,Delhi,Delhi,Home Office,2023-11-17
CUS0228,Meera Gupta,Mumbai,Maharashtra,Consumer,2022-01-04
CUS0229,Kabir Joshi,Chennai,Tamil Nadu,Corporate,2023-03-08
CUS0230,Ananya Banerjee,Vijayawada,Andhra Pradesh,Home Office,2022-01-27
CUS0231,Rohan Reddy,Chennai,Tamil Nadu,Small Business,2023-10-17
CUS0232,Sara Patel,Delhi,Delhi,Home Office,2023-04-22
CUS0233,Vikram Gupta,Hyderabad,Telangana,Consumer,2023-10-02
CUS0234,Nisha Joshi,Pune,Maharashtra,Consumer,2023-01-29
CUS0235,Arjun Banerjee,Chennai,Tamil Nadu,Consumer,2022-02-28
CUS0236,Priya Reddy,Pune,Maharashtra,Consumer,2022-01-19
CUS0237,Rahul Patel,Mumbai,Maharashtra,Home Office,2022-08-23
CUS0238,Kavya Gupta,Bengaluru,Karnataka,Home Office,2023-06-05
CUS0239,Aditya Joshi,Visakhapatnam,Andhra Pradesh,Home Office,2022-04-16
CUS0240,Sneha Banerjee,Mumbai,Maharashtra,Small Business,2023-08-20
CUS0241,Aarav Reddy,Vijayawada,Andhra Pradesh,Home Office,2022-06-17
CUS0242,Diya Patel,Mumbai,Maharashtra,Home Office,2022-12-14
CUS0243,Ishaan Gupta,Hyderabad,Telangana,Consumer,2022-05-23
CUS0244,Meera Joshi,Mumbai,Maharashtra,Consumer,2022-11-23
CUS0245,Kabir Banerjee,Mumbai,Maharashtra,Corporate,2022-11-13
CUS0246,Ananya Reddy,Hyderabad,Telangana,Small Business,2022-01-04
CUS0247,Rohan Patel,Pune,Maharashtra,Consumer,2023-02-02
CUS0248,Sara Gupta,Bengaluru,Karnataka,Corporate,2023-07-05
CUS0249,Vikram Joshi,Delhi,Delhi,Home Office,2023-10-18
CUS0250,Nisha Banerjee,Hyderabad,Telangana,Consumer,2022-08-20
CUS0251,Arjun Reddy,Vijayawada,Andhra Pradesh,Consumer,2023-09-09
CUS0252,Priya Patel,Chennai,Tamil Nadu,Small Business,2023-09-08
CUS0253,Rahul Gupta,Vijayawada,Andhra Pradesh,Home Office,2023-11-23
CUS0254,Kavya Joshi,Visakhapatnam,Andhra Pradesh,Consumer,2022-09-19
CUS0255,Aditya Banerjee,Mumbai,Maharashtra,Small Business,2023-08-19
CUS0256,Sneha Reddy,Vijayawada,Andhra Pradesh,Consumer,2023-01-31
CUS0257,Aarav Patel,Pune,Maharashtra,Small Business,2022-02-10
CUS0258,Diya Gupta,Hyderabad,Telangana,Consumer,2022-07-09
CUS0259,Ishaan Joshi,Vijayawada,Andhra Pradesh,Corporate,2023-04-16
CUS0260,Meera Banerjee,Mumbai,Maharashtra,Consumer,2022-04-23
CUS0261,Kabir Reddy,Delhi,Delhi,Consumer,2022-11-01
CUS0262,Ananya Patel,Vijayawada,Andhra Pradesh,Small Business,2023-06-27
CUS0263,Rohan Gupta,Visakhapatnam,Andhra Pradesh,Consumer,2022-04-15
CUS0264,Sara Joshi,Kolkata,West Bengal,Consumer,2022-12-14
CUS0265,Vikram Banerjee,Kolkata,West Bengal,Consumer,2022-05-31
CUS0266,Nisha Reddy,Mumbai,Maharashtra,Home Office,2023-01-11
CUS0267,Arjun Patel,Chennai,Tamil Nadu,Home Office,2022-06-18
CUS0268,Priya Gupta,Bengaluru,Karnataka,Small Business,2023-11-07
CUS0269,Rahul Joshi,Mumbai,Maharashtra,Consumer,2022-02-23
CUS0270,Kavya Banerjee,Mumbai,Maharashtra,Consumer,2023-11-06
CUS0271,Aditya Reddy,Visakhapatnam,Andhra Pradesh,Consumer,2023-07-09
CUS0272,Sneha Patel,Hyderabad,Telangana,Corporate,2023-08-22
CUS0273,Aarav Gupta,Vijayawada,Andhra Pradesh,Small Business,2023-08-20
CUS0274,Diya Joshi,Kolkata,West Bengal,Home Office,2022-05-12
CUS0275,Ishaan Banerjee,Bengaluru,Karnataka,Corporate,2023-10-14
CUS0276,Meera Reddy,Chennai,Tamil Nadu,Consumer,2023-02-20
CUS0277,Kabir Patel,Chennai,Tamil Nadu,Small Business,2023-11-05
CUS0278,Ananya Gupta,Delhi,Delhi,Corporate,2023-09-07
CUS0279,Rohan Joshi,Hyderabad,Telangana,Consumer,2023-02-10
CUS0280,Sara Banerjee,Hyderabad,Telangana,Consumer,2022-09-20
CUS0281,Vikram Reddy,Visakhapatnam,Andhra Pradesh,Consumer,2022-03-24
CUS0282,Nisha Patel,Chennai,Tamil Nadu,Consumer,2022-03-12
CUS0283,Arjun Gupta,Pune,Maharashtra,Consumer,2022-09-30
CUS0284,Priya Joshi,Chennai,Tamil Nadu,Corporate,2023-07-22
CUS0285,Rahul Banerjee,Bengaluru,Karnataka,Corporate,2022-12-20
CUS0286,Kavya Reddy,Kolkata,West Bengal,Consumer,2022-12-04
CUS0287,Aditya Patel,Vijayawada,Andhra Pradesh,Consumer,2022-06-21
CUS0288,Sneha Gupta,Mumbai,Maharashtra,Small Business,2023-01-31
CUS0289,Aarav Joshi,Chennai,Tamil Nadu,Home Office,2023-03-23
CUS0290,Diya Banerjee,Chennai,Tamil Nadu,Corporate,2023-11-19
CUS0291,Ishaan Reddy,Delhi,Delhi,Consumer,2023-05-26
CUS0292,Meera Patel,Visakhapatnam,Andhra Pradesh,Small Business,2023-03-02
CUS0293,Kabir Gupta,Kolkata,West Bengal,Consumer,2023-09-30
CUS0294,Ananya Joshi,Visakhapatnam,Andhra Pradesh,Consumer,2022-10-25
CUS0295,Rohan Banerjee,Chennai,Tamil Nadu,Small Business,2023-10-17
CUS0296,Sara Reddy,Chennai,Tamil Nadu,Corporate,2022-09-16
CUS0297,Vikram Patel,Delhi,Delhi,Home Office,2022-03-31
CUS0298,Nisha Gupta,Bengaluru,Karnataka,Corporate,2022-10-20
CUS0299,Arjun Joshi,Visakhapatnam,Andhra Pradesh,Corporate,2022-04-01
CUS0300,Priya Banerjee,Hyderabad,Telangana,Consumer,2022-03-24
CUS0301,Rahul Reddy,Bengaluru,Karnataka,Consumer,2023-09-09
CUS0302,Kavya Patel,Delhi,Delhi,Consumer,2023-07-11
CUS0303,Aditya Gupta,Hyderabad,Telangana,Consumer,2022-06-04
CUS0304,Sneha Joshi,Kolkata,West Bengal,Small Business,2023-08-10
CUS0305,Aarav Banerjee,Chennai,Tamil Nadu,Consumer,2022-02-18
CUS0306,Diya Reddy,Vijayawada,Andhra Pradesh,Corporate,2022-07-19
CUS0307,Ishaan Patel,Visakhapatnam,Andhra Pradesh,Home Office,2023-05-10
CUS0308,Meera Gupta,Chennai,Tamil Nadu,Home Office,2022-08-01
CUS0309,Kabir Joshi,Visakhapatnam,Andhra Pradesh,Consumer,2023-05-27
CUS0310,Ananya Banerjee,Hyderabad,Telangana,Corporate,2023-09-05
CUS0311,Rohan Reddy,Mumbai,Maharashtra,Small Business,2022-02-16
CUS0312,Sara Patel,Pune,Maharashtra,Home Office,2022-01-17
CUS0313,Vikram Gupta,Vijayawada,Andhra Pradesh,Home Office,2023-10-21
CUS0314,Nisha Joshi,Visakhapatnam,Andhra Pradesh,Small Business,2022-12-31
CUS0315,Arjun Banerjee,Visakhapatnam,Andhra Pradesh,Home Office,2022-12-21
CUS0316,Priya Reddy,Mumbai,Maharashtra,Consumer,2022-11-21
CUS0317,Rahul Patel,Pune,Maharashtra,Corporate,2022-10-31
CUS0318,Kavya Gupta,Pune,Maharashtra,Consumer,2023-04-29
CUS0319,Aditya Joshi,Kolkata,West Bengal,Corporate,2023-02-10
CUS0320,Sneha Banerjee,Pune,Maharashtra,Small Business,2022-04-25
CUS0321,Aarav Reddy,Visakhapatnam,Andhra Pradesh,Corporate,2023-03-15
CUS0322,Diya Patel,Hyderabad,Telangana,Consumer,2023-04-13
CUS0323,Ishaan Gupta,Mumbai,Maharashtra,Consumer,2022-03-21
CUS0324,Meera Joshi,Kolkata,West Bengal,Small Business,2022-09-21
CUS0325,Kabir Banerjee,Kolkata,West Bengal,Consumer,2023-07-08
CUS0326,Ananya Reddy,Visakhapatnam,Andhra Pradesh,Consumer,2023-03-10
CUS0327,Rohan Patel,Visakhapatnam,Andhra Pradesh,Consumer,2022-04-06
CUS0328,Sara Gupta,Hyderabad,Telangana,Consumer,2022-01-29
CUS0329,Vikram Joshi,Vijayawada,Andhra Pradesh,Corporate,2023-02-11
CUS0330,Nisha Banerjee,Chennai,Tamil Nadu,Corporate,2022-11-20
CUS0331,Arjun Reddy,Chennai,Tamil Nadu,Consumer,2023-11-04
CUS0332,Priya Patel,Bengaluru,Karnataka,Consumer,2023-01-01
CUS0333,Rahul Gupta,Visakhapatnam,Andhra Pradesh,Consumer,2023-10-15
CUS0334,Kavya Joshi,Delhi,Delhi,Consumer,2022-05-31
CUS0335,Aditya Banerjee,Chennai,Tamil Nadu,Consumer,2022-11-10
CUS0336,Sneha Reddy,Delhi,Delhi,Home Office,2022-04-08
CUS0337,Aarav Patel,Kolkata,West Bengal,Consumer,2023-02-06
CUS0338,Diya Gupta,Visakhapatnam,Andhra Pradesh,Consumer,2022-05-12
CUS0339,Ishaan Joshi,Vijayawada,Andhra Pradesh,Consumer,2022-12-11
CUS0340,Meera Banerjee,Kolkata,West Bengal,Consumer,2022-08-29
CUS0341,Kabir Reddy,Mumbai,Maharashtra,Consumer,2022-05-11
CUS0342,Ananya Patel,Visakhapatnam,Andhra Pradesh,Consumer,2022-03-09
CUS0343,Rohan Gupta,Mumbai,Maharashtra,Small Business,2022-12-25
CUS0344,Sara Joshi,Chennai,Tamil Nadu,Consumer,2023-10-26
CUS0345,Vikram Banerjee,Kolkata,West Bengal,Corporate,2022-05-20
CUS0346,Nisha Reddy,Visakhapatnam,Andhra Pradesh,Corporate,2022-10-11
CUS0347,Arjun Patel,Kolkata,West Bengal,Consumer,2022-06-07
CUS0348,Priya Gupta,Kolkata,West Bengal,Consumer,2023-07-21
CUS0349,Rahul Joshi,Vijayawada,Andhra Pradesh,Home Office,2022-10-18
CUS0350,Kavya Banerjee,Vijayawada,Andhra Pradesh,Home Office,2023-11-14
CUS0351,Aditya Reddy,Chennai,Tamil Nadu,Consumer,2022-06-21
CUS0352,Sneha Patel,Hyderabad,Telangana,Consumer,2022-02-26
CUS0353,Aarav Gupta,Visakhapatnam,Andhra Pradesh,Consumer,2023-02-12
CUS0354,Diya Joshi,Bengaluru,Karnataka,Corporate,2023-04-02
CUS0355,Ishaan Banerjee,Kolkata,West Bengal,Home Office,2023-11-25
CUS0356,Meera Reddy,Kolkata,West Bengal,Consumer,2023-09-02
CUS0357,Kabir Patel,Vijayawada,Andhra Pradesh,Consumer,2023-09-11
CUS0358,Ananya Gupta,Kolkata,West Bengal,Small Business,2023-03-20
CUS0359,Rohan Joshi,Hyderabad,Telangana,Consumer,2022-09-09
CUS0360,Sara Banerjee,Pune,Maharashtra,Corporate,2022-10-28
CUS0361,Vikram Reddy,Delhi,Delhi,Home Office,2022-04-04
CUS0362,Nisha Patel,Kolkata,West Bengal,Consumer,2022-10-29
CUS0363,Arjun Gupta,Visakhapatnam,Andhra Pradesh,Consumer,2022-09-13
CUS0364,Priya Joshi,Kolkata,West Bengal,Consumer,2022-01-26
CUS0365,Rahul Banerjee,Vijayawada,Andhra Pradesh,Small Business,2022-05-24
CUS0366,Kavya Reddy,Chennai,Tamil Nadu,Consumer,2023-01-10
CUS0367,Aditya Patel,Chennai,Tamil Nadu,Consumer,2022-09-16
CUS0368,Sneha Gupta,Visakhapatnam,Andhra Pradesh,Consumer,2023-11-27
CUS0369,Aarav Joshi,Hyderabad,Telangana,Consumer,2022-12-01
CUS0370,Diya Banerjee,Pune,Maharashtra,Corporate,2023-11-03
CUS0371,Ishaan Reddy,Bengaluru,Karnataka,Consumer,2023-04-08
CUS0372,Meera Patel,Mumbai,Maharashtra,Corporate,2022-01-29
CUS0373,Kabir Gupta,Bengaluru,Karnataka,Corporate,2022-05-23
CUS0374,Ananya Joshi,Bengaluru,Karnataka,Home Office,2023-05-10
CUS0375,Rohan Banerjee,Delhi,Delhi,Consumer,2023-01-17
CUS0376,Sara Reddy,Hyderabad,Telangana,Small Business,2022-07-31
CUS0377,Vikram Patel,Pune,Maharashtra,Corporate,2023-01-01
CUS0378,Nisha Gupta,Pune,Maharashtra,Consumer,2023-09-25
CUS0379,Arjun Joshi,Bengaluru,Karnataka,Home Office,2022-09-30
CUS0380,Priya Banerjee,Visakhapatnam,Andhra Pradesh,Small Business,2022-02-01
CUS0381,Rahul Reddy,Hyderabad,Telangana,Consumer,2022-08-06
CUS0382,Kavya Patel,Kolkata,West Bengal,Small Business,2023-10-18
CUS0383,Aditya Gupta,Kolkata,West Bengal,Corporate,2023-06-18
CUS0384,Sneha Joshi,Visakhapatnam,Andhra Pradesh,Corporate,2023-08-10
CUS0385,Aarav Banerjee,Hyderabad,Telangana,Small Business,2023-10-01
CUS0386,Diya Reddy,Vijayawada,Andhra Pradesh,Consumer,2022-03-24
CUS0387,Ishaan Patel,Hyderabad,Telangana,Home Office,2022-07-17
CUS0388,Meera Gupta,Delhi,Delhi,Consumer,2022-02-11
CUS0389,Kabir Joshi,Kolkata,West Bengal,Home Office,2022-01-04
CUS0390,Ananya Banerjee,Vijayawada,Andhra Pradesh,Corporate,2023-08-08
CUS0391,Rohan Reddy,Pune,Maharashtra,Consumer,2023-10-18
CUS0392,Sara Patel,Vijayawada,Andhra Pradesh,Consumer,2022-04-20
CUS0393,Vikram Gupta,Bengaluru,Karnataka,Consumer,2023-05-21
CUS0394,Nisha Joshi,Mumbai,Maharashtra,Consumer,2023-01-10
CUS0395,Arjun Banerjee,Pune,Maharashtra,Consumer,2022-02-18
CUS0396,Priya Reddy,Delhi,Delhi,Consumer,2023-10-04
CUS0397,Rahul Patel,Hyderabad,Telangana,Consumer,2023-09-02
CUS0398,Kavya Gupta,Vijayawada,Andhra Pradesh,Consumer,2023-02-02
CUS0399,Aditya Joshi,Visakhapatnam,Andhra Pradesh,Home Office,2023-05-11
CUS0400,Sneha Banerjee,Visakhapatnam,Andhra Pradesh,Home Office,2022-10-06
CUS0401,Aarav Reddy,Kolkata,West Bengal,Home Office,2023-07-09
CUS0402,Diya Patel,Pune,Maharashtra,Consumer,2022-11-08
CUS0403,Ishaan Gupta,Visakhapatnam,Andhra Pradesh,Small Business,2023-11-24
CUS0404,Meera Joshi,Kolkata,West Bengal,Corporate,2022-02-14
CUS0405,Kabir Banerjee,Chennai,Tamil Nadu,Consumer,2022-05-01
CUS0406,Ananya Reddy,Chennai,Tamil Nadu,Consumer,2023-11-10
CUS0407,Rohan Patel,Bengaluru,Karnataka,Home Office,2022-07-22
CUS0408,Sara Gupta,Vijayawada,Andhra Pradesh,Consumer,2022-08-06
CUS0409,Vikram Joshi,Kolkata,West Bengal,Corporate,2023-07-08
CUS0410,Nisha Banerjee,Hyderabad,Telangana,Small Business,2022-05-13
CUS0411,Arjun Reddy,Vijayawada,Andhra Pradesh,Consumer,2022-12-26
CUS0412,Priya Patel,Visakhapatnam,Andhra Pradesh,Consumer,2022-07-20
CUS0413,Rahul Gupta,Visakhapatnam,Andhra Pradesh,Small Business,2022-05-19
CUS0414,Kavya Joshi,Vijayawada,Andhra Pradesh,Corporate,2023-11-07
CUS0415,Aditya Banerjee,Hyderabad,Telangana,Consumer,2022-05-20
CUS0416,Sneha Reddy,Pune,Maharashtra,Small Business,2022-03-08
CUS0417,Aarav Patel,Kolkata,West Bengal,Small Business,2023-04-17
CUS0418,Diya Gupta,Vijayawada,Andhra Pradesh,Corporate,2023-08-31
CUS0419,Ishaan Joshi,Visakhapatnam,Andhra Pradesh,Corporate,2022-03-31
CUS0420,Meera Banerjee,Chennai,Tamil Nadu,Consumer,2023-05-11
CUS0421,Kabir Reddy,Kolkata,West Bengal,Consumer,2023-01-14
CUS0422,Ananya Patel,Pune,Maharashtra,Corporate,2023-08-05
CUS0423,Rohan Gupta,Pune,Maharashtra,Consumer,2022-03-30
CUS0424,Sara Joshi,Mumbai,Maharashtra,Corporate,2023-11-15
CUS0425,Vikram Banerjee,Bengaluru,Karnataka,Home Office,2023-03-10
CUS0426,Nisha Reddy,Vijayawada,Andhra Pradesh,Consumer,2023-08-13
CUS0427,Arjun Patel,Delhi,Delhi,Corporate,2022-09-11
CUS0428,Priya Gupta,Delhi,Delhi,Consumer,2023-10-23
CUS0429,Rahul Joshi,Hyderabad,Telangana,Small Business,2023-03-15
CUS0430,Kavya Banerjee,Pune,Maharashtra,Consumer,2022-03-30
CUS0431,Aditya Reddy,Hyderabad,Telangana,Corporate,2023-10-09
CUS0432,Sneha Patel,Pune,Maharashtra,Corporate,2023-07-12
CUS0433,Aarav Gupta,Delhi,Delhi,Consumer,2022-07-30
CUS0434,Diya Joshi,Vijayawada,Andhra Pradesh,Home Office,2023-01-17
CUS0435,Ishaan Banerjee,Bengaluru,Karnataka,Home Office,2022-09-29
CUS0436,Meera Reddy,Vijayawada,Andhra Pradesh,Corporate,2023-01-16
CUS0437,Kabir Patel,Mumbai,Maharashtra,Home Office,2023-11-07
CUS0438,Ananya Gupta,Kolkata,West Bengal,Small Business,2023-09-22
CUS0439,Rohan Joshi,Hyderabad,Telangana,Consumer,2022-05-31
CUS0440,Sara Banerjee,Bengaluru,Karnataka,Corporate,2023-11-12
CUS0441,Vikram Reddy,Kolkata,West Bengal,Consumer,2022-11-03
CUS0442,Nisha Patel,Visakhapatnam,Andhra Pradesh,Home Office,2023-05-09
CUS0443,Arjun Gupta,Vijayawada,Andhra Pradesh,Corporate,2023-06-19
CUS0444,Priya Joshi,Chennai,Tamil Nadu,Consumer,2022-12-05
CUS0445,Rahul Banerjee,Chennai,Tamil Nadu,Consumer,2022-11-16
CUS0446,Kavya Reddy,Mumbai,Maharashtra,Small Business,2022-11-16
CUS0447,Aditya Patel,Visakhapatnam,Andhra Pradesh,Consumer,2023-08-27
CUS0448,Sneha Gupta,Kolkata,West Bengal,Home Office,2022-09-28
CUS0449,Aarav Joshi,Chennai,Tamil Nadu,Consumer,2022-07-15
CUS0450,Diya Banerjee,Visakhapatnam,Andhra Pradesh,Small Business,2022-09-11
CUS0451,Ishaan Reddy,Kolkata,West Bengal,Consumer,2022-05-17
CUS0452,Meera Patel,Kolkata,West Bengal,Consumer,2022-10-02
CUS0453,Kabir Gupta,Chennai,Tamil Nadu,Small Business,2022-03-21
CUS0454,Ananya Joshi,Hyderabad,Telangana,Small Business,2022-03-04
CUS0455,Rohan Banerjee,Mumbai,Maharashtra,Consumer,2023-05-22
CUS0456,Sara Reddy,Chennai,Tamil Nadu,Corporate,2022-02-24
CUS0457,Vikram Patel,Vijayawada,Andhra Pradesh,Home Office,2023-02-02
CUS0458,Nisha Gupta,Mumbai,Maharashtra,Small Business,2023-06-30
CUS0459,Arjun Joshi,Delhi,Delhi,Consumer,2023-05-23
CUS0460,Priya Banerjee,Hyderabad,Telangana,Corporate,2022-11-09
CUS0461,Rahul Reddy,Pune,Maharashtra,Home Office,2022-05-16
CUS0462,Kavya Patel,Vijayawada,Andhra Pradesh,Home Office,2023-10-14
CUS0463,Aditya Gupta,Pune,Maharashtra,Home Office,2023-08-08
CUS0464,Sneha Joshi,Bengaluru,Karnataka,Corporate,2023-03-05
CUS0465,Aarav Banerjee,Hyderabad,Telangana,Consumer,2022-03-02
CUS0466,Diya Reddy,Kolkata,West Bengal,Small Business,2022-01-25
CUS0467,Ishaan Patel,Vijayawada,Andhra Pradesh,Small Business,2022-08-09
CUS0468,Meera Gupta,Mumbai,Maharashtra,Home Office,2022-04-21
CUS0469,Kabir Joshi,Vijayawada,Andhra Pradesh,Consumer,2023-08-26
CUS0470,Ananya Banerjee,Kolkata,West Bengal,Consumer,2022-05-25
CUS0471,Rohan Reddy,Pune,Maharashtra,Home Office,2022-07-17
CUS0472,Sara Patel,Delhi,Delhi,Consumer,2023-11-15
CUS0473,Vikram Gupta,Bengaluru,Karnataka,Small Business,2023-07-27
CUS0474,Nisha Joshi,Chennai,Tamil Nadu,Consumer,2022-06-03
CUS0475,Arjun Banerjee,Mumbai,Maharashtra,Home Office,2022-09-26
CUS0476,Priya Reddy,Delhi,Delhi,Small Business,2022-12-28
CUS0477,Rahul Patel,Delhi,Delhi,Consumer,2023-04-10
CUS0478,Kavya Gupta,Hyderabad,Telangana,Consumer,2023-10-18
CUS0479,Aditya Joshi,Mumbai,Maharashtra,Corporate,2023-09-02
CUS0480,Sneha Banerjee,Hyderabad,Telangana,Corporate,2023-11-16
CUS0481,Aarav Reddy,Visakhapatnam,Andhra Pradesh,Consumer,2022-01-29
CUS0482,Diya Patel,Delhi,Delhi,Corporate,2022-06-15
CUS0483,Ishaan Gupta,Visakhapatnam,Andhra Pradesh,Small Business,2023-01-30
CUS0484,Meera Joshi,Delhi,Delhi,Corporate,2022-02-04
CUS0485,Kabir Banerjee,Chennai,Tamil Nadu,Consumer,2022-09-06
CUS0486,Ananya Reddy,Visakhapatnam,Andhra Pradesh,Consumer,2022-04-18
CUS0487,Rohan Patel,Bengaluru,Karnataka,Consumer,2023-10-16
CUS0488,Sara Gupta,Chennai,Tamil Nadu,Consumer,2022-02-14
CUS0489,Vikram Joshi,Pune,Maharashtra,Consumer,2022-04-14
CUS0490,Nisha Banerjee,Mumbai,Maharashtra,Home Office,2022-05-17
CUS0491,Arjun Reddy,Kolkata,West Bengal,Consumer,2022-04-15
CUS0492,Priya Patel,Delhi,Delhi,Small Business,2023-02-02
CUS0493,Rahul Gupta,Pune,Maharashtra,Consumer,2022-09-13
CUS0494,Kavya Joshi,Mumbai,Maharashtra,Consumer,2023-10-01
CUS0495,Aditya Banerjee,Visakhapatnam,Andhra Pradesh,Home Office,2022-07-02
CUS0496,Sneha Reddy,Bengaluru,Karnataka,Small Business,2023-01-12
CUS0497,Aarav Patel,Vijayawada,Andhra Pradesh,Consumer,2023-04-08
CUS0498,Diya Gupta,Bengaluru,Karnataka,Consumer,2023-03-15
CUS0499,Ishaan Joshi,Kolkata,West Bengal,Consumer,2023-07-12
CUS0500,Meera Banerjee,Bengaluru,Karnataka,Corporate,2022-05-22
CUS0501,Kabir Reddy,Vijayawada,Andhra Pradesh,Corporate,2022-12-22
CUS0502,Ananya Patel,Mumbai,Maharashtra,Consumer,2023-07-15
CUS0503,Rohan Gupta,Kolkata,West Bengal,Consumer,2023-08-28
CUS0504,Sara Joshi,Delhi,Delhi,Corporate,2023-03-09
CUS0505,Vikram Banerjee,Visakhapatnam,Andhra Pradesh,Small Business,2023-04-02
CUS0506,Nisha Reddy,Chennai,Tamil Nadu,Corporate,2023-08-28
CUS0507,Arjun Patel,Chennai,Tamil Nadu,Corporate,2023-03-14
CUS0508,Priya Gupta,Visakhapatnam,Andhra Pradesh,Consumer,2023-10-27
CUS0509,Rahul Joshi,Visakhapatnam,Andhra Pradesh,Consumer,2022-03-31
CUS0510,Kavya Banerjee,Visakhapatnam,Andhra Pradesh,Consumer,2022-09-01
CUS0511,Aditya Reddy,Kolkata,West Bengal,Home Office,2022-03-20
CUS0512,Sneha Patel,Pune,Maharashtra,Small Business,2022-03-05
CUS0513,Aarav Gupta,Delhi,Delhi,Small Business,2022-11-27
CUS0514,Diya Joshi,Delhi,Delhi,Small Business,2022-06-08
CUS0515,Ishaan Banerjee,Kolkata,West Bengal,Small Business,2022-10-13
CUS0516,Meera Reddy,Hyderabad,Telangana,Small Business,2022-11-03
CUS0517,Kabir Patel,Delhi,Delhi,Consumer,2023-03-11
CUS0518,Ananya Gupta,Hyderabad,Telangana,Consumer,2023-10-24
CUS0519,Rohan Joshi,Chennai,Tamil Nadu,Consumer,2023-08-18
CUS0520,Sara Banerjee,Mumbai,Maharashtra,Corporate,2022-09-22
CUS0521,Vikram Reddy,Bengaluru,Karnataka,Consumer,2022-08-16
CUS0522,Nisha Patel,Vijayawada,Andhra Pradesh,Home Office,2023-06-24
CUS0523,Arjun Gupta,Vijayawada,Andhra Pradesh,Corporate,2022-03-28
CUS0524,Priya Joshi,Delhi,Delhi,Corporate,2023-01-14
CUS0525,Rahul Banerjee,Visakhapatnam,Andhra Pradesh,Consumer,2022-10-24
CUS0526,Kavya Reddy,Visakhapatnam,Andhra Pradesh,Consumer,2022-05-08
CUS0527,Aditya Patel,Kolkata,West Bengal,Consumer,2023-03-08
CUS0528,Sneha Gupta,Vijayawada,Andhra Pradesh,Small Business,2022-08-13
CUS0529,Aarav Joshi,Kolkata,West Bengal,Corporate,2022-05-10
CUS0530,Diya Banerjee,Kolkata,West Bengal,Home Office,2023-04-03
CUS0531,Ishaan Reddy,Mumbai,Maharashtra,Consumer,2022-05-02
CUS0532,Meera Patel,Vijayawada,Andhra Pradesh,Consumer,2023-04-16
CUS0533,Kabir Gupta,Vijayawada,Andhra Pradesh,Consumer,2022-04-24
CUS0534,Ananya Joshi,Visakhapatnam,Andhra Pradesh,Home Office,2022-11-01
CUS0535,Rohan Banerjee,Mumbai,Maharashtra,Home Office,2023-07-20
CUS0536,Sara Reddy,Vijayawada,Andhra Pradesh,Consumer,2022-06-10
CUS0537,Vikram Patel,Chennai,Tamil Nadu,Small Business,2023-06-22
CUS0538,Nisha Gupta,Vijayawada,Andhra Pradesh,Consumer,2023-05-21
CUS0539,Arjun Joshi,Chennai,Tamil Nadu,Small Business,2023-09-24
CUS0540,Priya Banerjee,Hyderabad,Telangana,Consumer,2022-04-29
CUS0541,Rahul Reddy,Pune,Maharashtra,Consumer,2023-05-16
CUS0542,Kavya Patel,Hyderabad,Telangana,Home Office,2023-10-18
CUS0543,Aditya Gupta,Vijayawada,Andhra Pradesh,Consumer,2023-06-19
CUS0544,Sneha Joshi,Vijayawada,Andhra Pradesh,Consumer,2022-05-12
CUS0545,Aarav Banerjee,Delhi,Delhi,Consumer,2023-07-30
CUS0546,Diya Reddy,Hyderabad,Telangana,Consumer,2022-03-17
CUS0547,Ishaan Patel,Bengaluru,Karnataka,Home Office,2023-02-17
CUS0548,Meera Gupta,Mumbai,Maharashtra,Small Business,2022-12-15
CUS0549,Kabir Joshi,Chennai,Tamil Nadu,Small Business,2023-01-07
CUS0550,Ananya Banerjee,Pune,Maharashtra,Consumer,2022-12-30
CUS0551,Rohan Reddy,Delhi,Delhi,Corporate,2022-01-23
CUS0552,Sara Patel,Bengaluru,Karnataka,Consumer,2022-12-22
CUS0553,Vikram Gupta,Delhi,Delhi,Consumer,2023-10-18
CUS0554,Nisha Joshi,Visakhapatnam,Andhra Pradesh,Consumer,2022-11-02
CUS0555,Arjun Banerjee,Kolkata,West Bengal,Small Business,2022-07-13
CUS0556,Priya Reddy,Chennai,Tamil Nadu,Small Business,2023-11-28
CUS0557,Rahul Patel,Pune,Maharashtra,Home Office,2022-03-11
CUS0558,Kavya Gupta,Delhi,Delhi,Corporate,2022-12-07
CUS0559,Aditya Joshi,Delhi,Delhi,Corporate,2022-12-25
CUS0560,Sneha Banerjee,Delhi,Delhi,Corporate,2022-12-01
CUS0561,Aarav Reddy,Chennai,Tamil Nadu,Corporate,2023-10-08
CUS0562,Diya Patel,Hyderabad,Telangana,Consumer,2022-10-23
CUS0563,Ishaan Gupta,Chennai,Tamil Nadu,Consumer,2023-11-13
CUS0564,Meera Joshi,Vijayawada,Andhra Pradesh,Consumer,2022-02-16
CUS0565,Kabir Banerjee,Kolkata,West Bengal,Small Business,2023-05-29
CUS0566,Ananya Reddy,Visakhapatnam,Andhra Pradesh,Corporate,2023-02-20
CUS0567,Rohan Patel,Visakhapatnam,Andhra Pradesh,Small Business,2022-06-18
CUS0568,Sara Gupta,Visakhapatnam,Andhra Pradesh,Consumer,2022-06-09
CUS0569,Vikram Joshi,Mumbai,Maharashtra,Corporate,2023-05-19
CUS0570,Nisha Banerjee,Mumbai,Maharashtra,Consumer,2023-03-23
CUS0571,Arjun Reddy,Kolkata,West Bengal,Consumer,2023-03-04
CUS0572,Priya Patel,Bengaluru,Karnataka,Consumer,2022-02-05
CUS0573,Rahul Gupta,Visakhapatnam,Andhra Pradesh,Consumer,2023-02-23
CUS0574,Kavya Joshi,Hyderabad,Telangana,Small Business,2023-11-18
CUS0575,Aditya Banerjee,Hyderabad,Telangana,Consumer,2022-01-13
CUS0576,Sneha Reddy,Bengaluru,Karnataka,Corporate,2022-11-25
CUS0577,Aarav Patel,Kolkata,West Bengal,Corporate,2022-12-13
CUS0578,Diya Gupta,Chennai,Tamil Nadu,Consumer,2023-09-20
CUS0579,Ishaan Joshi,Kolkata,West Bengal,Corporate,2022-07-17
CUS0580,Meera Banerjee,Hyderabad,Telangana,Consumer,2022-11-29
CUS0581,Kabir Reddy,Hyderabad,Telangana,Small Business,2023-05-18
CUS0582,Ananya Patel,Delhi,Delhi,Home Office,2022-02-12
CUS0583,Rohan Gupta,Hyderabad,Telangana,Home Office,2023-07-15
CUS0584,Sara Joshi,Hyderabad,Telangana,Corporate,2023-07-30
CUS0585,Vikram Banerjee,Bengaluru,Karnataka,Consumer,2023-05-19
CUS0586,Nisha Reddy,Kolkata,West Bengal,Small Business,2023-03-30
CUS0587,Arjun Patel,Pune,Maharashtra,Consumer,2023-06-08
CUS0588,Priya Gupta,Hyderabad,Telangana,Consumer,2023-07-02
CUS0589,Rahul Joshi,Delhi,Delhi,Consumer,2023-09-25
CUS0590,Kavya Banerjee,Delhi,Delhi,Home Office,2022-10-27
CUS0591,Aditya Reddy,Delhi,Delhi,Corporate,2022-11-16
CUS0592,Sneha Patel,Kolkata,West Bengal,Home Office,2023-03-23
CUS0593,Aarav Gupta,Visakhapatnam,Andhra Pradesh,Home Office,2022-05-16
CUS0594,Diya Joshi,Kolkata,West Bengal,Consumer,2023-08-23
CUS0595,Ishaan Banerjee,Visakhapatnam,Andhra Pradesh,Small Business,2023-06-24
CUS0596,Meera Reddy,Delhi,Delhi,Consumer,2023-03-18
CUS0597,Kabir Patel,Mumbai,Maharashtra,Corporate,2022-07-31
CUS0598,Ananya Gupta,Delhi,Delhi,Consumer,2022-09-01
CUS0599,Rohan Joshi,Mumbai,Maharashtra,Small Business,2022-11-01
CUS0600,Sara Banerjee,Mumbai,Maharashtra,Consumer,2023-04-09
CUS0601,Vikram Reddy,Mumbai,Maharashtra,Consumer,2023-06-29
CUS0602,Nisha Patel,Delhi,Delhi,Corporate,2023-04-16
CUS0603,Arjun Gupta,Pune,Maharashtra,Consumer,2023-10-13
CUS0604,Priya Joshi,Vijayawada,Andhra Pradesh,Consumer,2023-11-04
CUS0605,Rahul Banerjee,Delhi,Delhi,Corporate,2023-05-09
CUS0606,Kavya Reddy,Chennai,Tamil Nadu,Consumer,2022-09-17
CUS0607,Aditya Patel,Visakhapatnam,Andhra Pradesh,Small Business,2023-02-24
CUS0608,Sneha Gupta,Chennai,Tamil Nadu,Consumer,2022-10-25
CUS0609,Aarav Joshi,Kolkata,West Bengal,Home Office,2023-03-17
CUS0610,Diya Banerjee,Delhi,Delhi,Corporate,2023-07-23
CUS0611,Ishaan Reddy,Delhi,Delhi,Corporate,2022-09-16
CUS0612,Meera Patel,Chennai,Tamil Nadu,Corporate,2022-12-21
CUS0613,Kabir Gupta,Delhi,Delhi,Corporate,2022-02-01
CUS0614,Ananya Joshi,Bengaluru,Karnataka,Small Business,2023-05-31
CUS0615,Rohan Banerjee,Pune,Maharashtra,Consumer,2022-12-09
CUS0616,Sara Reddy,Mumbai,Maharashtra,Consumer,2022-11-18
CUS0617,Vikram Patel,Visakhapatnam,Andhra Pradesh,Home Office,2023-01-08
CUS0618,Nisha Gupta,Visakhapatnam,Andhra Pradesh,Home Office,2022-05-31
CUS0619,Arjun Joshi,Hyderabad,Telangana,Consumer,2023-02-23
CUS0620,Priya Banerjee,Vijayawada,Andhra Pradesh,Consumer,2023-06-06
CUS0621,Rahul Reddy,Bengaluru,Karnataka,Small Business,2022-09-02
CUS0622,Kavya Patel,Chennai,Tamil Nadu,Home Office,2022-04-02
CUS0623,Aditya Gupta,Vijayawada,Andhra Pradesh,Small Business,2022-09-28
CUS0624,Sneha Joshi,Bengaluru,Karnataka,Corporate,2022-05-20
CUS0625,Aarav Banerjee,Mumbai,Maharashtra,Corporate,2022-09-19
CUS0626,Diya Reddy,Visakhapatnam,Andhra Pradesh,Consumer,2023-03-15
CUS0627,Ishaan Patel,Bengaluru,Karnataka,Small Business,2022-03-21
CUS0628,Meera Gupta,Bengaluru,Karnataka,Consumer,2023-06-08
CUS0629,Kabir Joshi,Chennai,Tamil Nadu,Home Office,2022-06-07
CUS0630,Ananya Banerjee,Bengaluru,Karnataka,Consumer,2023-09-19
CUS0631,Rohan Reddy,Pune,Maharashtra,Corporate,2023-05-28
CUS0632,Sara Patel,Visakhapatnam,Andhra Pradesh,Home Office,2022-07-10
CUS0633,Vikram Gupta,Bengaluru,Karnataka,Corporate,2023-01-30
CUS0634,Nisha Joshi,Bengaluru,Karnataka,Small Business,2022-03-19
CUS0635,Arjun Banerjee,Vijayawada,Andhra Pradesh,Consumer,2022-03-11
CUS0636,Priya Reddy,Pune,Maharashtra,Corporate,2023-11-01
CUS0637,Rahul Patel,Visakhapatnam,Andhra Pradesh,Consumer,2023-07-16
CUS0638,Kavya Gupta,Visakhapatnam,Andhra Pradesh,Consumer,2022-04-19
CUS0639,Aditya Joshi,Delhi,Delhi,Consumer,2022-07-17
CUS0640,Sneha Banerjee,Kolkata,West Bengal,Consumer,2022-05-19
CUS0641,Aarav Reddy,Pune,Maharashtra,Consumer,2022-10-04
CUS0642,Diya Patel,Kolkata,West Bengal,Corporate,2022-07-23
CUS0643,Ishaan Gupta,Delhi,Delhi,Corporate,2022-08-18
CUS0644,Meera Joshi,Chennai,Tamil Nadu,Corporate,2023-01-06
CUS0645,Kabir Banerjee,Pune,Maharashtra,Consumer,2022-05-13
CUS0646,Ananya Reddy,Visakhapatnam,Andhra Pradesh,Consumer,2023-09-10
CUS0647,Rohan Patel,Chennai,Tamil Nadu,Consumer,2023-05-25
CUS0648,Sara Gupta,Chennai,Tamil Nadu,Home Office,2023-06-17
CUS0649,Vikram Joshi,Kolkata,West Bengal,Small Business,2022-04-29
CUS0650,Nisha Banerjee,Delhi,Delhi,Consumer,2023-05-11
CUS0651,Arjun Reddy,Chennai,Tamil Nadu,Corporate,2023-08-09
CUS0652,Priya Patel,Mumbai,Maharashtra,Consumer,2022-05-03
CUS0653,Rahul Gupta,Vijayawada,Andhra Pradesh,Consumer,2023-06-10
CUS0654,Kavya Joshi,Delhi,Delhi,Consumer,2022-09-08
CUS0655,Aditya Banerjee,Chennai,Tamil Nadu,Consumer,2023-07-06
CUS0656,Sneha Reddy,Chennai,Tamil Nadu,Home Office,2022-12-01
CUS0657,Aarav Patel,Pune,Maharashtra,Small Business,2023-07-16
CUS0658,Diya Gupta,Mumbai,Maharashtra,Consumer,2022-04-14
CUS0659,Ishaan Joshi,Hyderabad,Telangana,Corporate,2022-09-30
CUS0660,Meera Banerjee,Visakhapatnam,Andhra Pradesh,Home Office,2022-07-11
CUS0661,Kabir Reddy,Vijayawada,Andhra Pradesh,Small Business,2022-06-23
CUS0662,Ananya Patel,Pune,Maharashtra,Corporate,2022-08-04
CUS0663,Rohan Gupta,Hyderabad,Telangana,Consumer,2022-09-25
CUS0664,Sara Joshi,Vijayawada,Andhra Pradesh,Corporate,2022-03-31
CUS0665,Vikram Banerjee,Mumbai,Maharashtra,Consumer,2023-05-10
CUS0666,Nisha Reddy,Pune,Maharashtra,Small Business,2023-01-21
CUS0667,Arjun Patel,Chennai,Tamil Nadu,Consumer,2023-08-04
CUS0668,Priya Gupta,Delhi,Delhi,Home Office,2023-05-09
CUS0669,Rahul Joshi,Kolkata,West Bengal,Consumer,2022-04-15
CUS0670,Kavya Banerjee,Vijayawada,Andhra Pradesh,Consumer,2022-02-18
CUS0671,Aditya Reddy,Kolkata,West Bengal,Small Business,2022-10-23
CUS0672,Sneha Patel,Mumbai,Maharashtra,Corporate,2022-12-03
CUS0673,Aarav Gupta,Mumbai,Maharashtra,Consumer,2022-06-18
CUS0674,Diya Joshi,Hyderabad,Telangana,Small Business,2023-07-02
CUS0675,Ishaan Banerjee,Mumbai,Maharashtra,Small Business,2023-02-12
CUS0676,Meera Reddy,Pune,Maharashtra,Consumer,2023-06-08
CUS0677,Kabir Patel,Mumbai,Maharashtra,Corporate,2022-03-18
CUS0678,Ananya Gupta,Hyderabad,Telangana,Corporate,2023-07-25
CUS0679,Rohan Joshi,Chennai,Tamil Nadu,Corporate,2022-05-25
CUS0680,Sara Banerjee,Kolkata,West Bengal,Consumer,2022-11-10
CUS0681,Vikram Reddy,Pune,Maharashtra,Consumer,2022-11-04
CUS0682,Nisha Patel,Vijayawada,Andhra Pradesh,Small Business,2023-07-29
CUS0683,Arjun Gupta,Kolkata,West Bengal,Small Business,2022-07-13
CUS0684,Priya Joshi,Kolkata,West Bengal,Home Office,2022-06-18
CUS0685,Rahul Banerjee,Vijayawada,Andhra Pradesh,Small Business,2022-08-26
CUS0686,Kavya Reddy,Delhi,Delhi,Home Office,2022-09-10
CUS0687,Aditya Patel,Bengaluru,Karnataka,Home Office,2022-05-08
CUS0688,Sneha Gupta,Mumbai,Maharashtra,Home Office,2022-05-04
CUS0689,Aarav Joshi,Chennai,Tamil Nadu,Corporate,2022-06-11
CUS0690,Diya Banerjee,Delhi,Delhi,Corporate,2022-11-24
CUS0691,Ishaan Reddy,Kolkata,West Bengal,Consumer,2022-08-29
CUS0692,Meera Patel,Delhi,Delhi,Corporate,2022-10-02
CUS0693,Kabir Gupta,Kolkata,West Bengal,Consumer,2023-05-19
CUS0694,Ananya Joshi,Kolkata,West Bengal,Consumer,2022-06-18
CUS0695,Rohan Banerjee,Hyderabad,Telangana,Corporate,2023-09-29
CUS0696,Sara Reddy,Visakhapatnam,Andhra Pradesh,Consumer,2023-06-11
CUS0697,Vikram Patel,Pune,Maharashtra,Consumer,2022-05-03
CUS0698,Nisha Gupta,Mumbai,Maharashtra,Home Office,2022-08-08
CUS0699,Arjun Joshi,Hyderabad,Telangana,Small Business,2022-05-09
CUS0700,Priya Banerjee,Hyderabad,Telangana,Consumer,2022-07-10
CUS0701,Rahul Reddy,Chennai,Tamil Nadu,Consumer,2022-09-13
CUS0702,Kavya Patel,Mumbai,Maharashtra,Consumer,2022-04-02
CUS0703,Aditya Gupta,Vijayawada,Andhra Pradesh,Home Office,2022-01-11
CUS0704,Sneha Joshi,Vijayawada,Andhra Pradesh,Home Office,2022-11-04
CUS0705,Aarav Banerjee,Vijayawada,Andhra Pradesh,Consumer,2023-05-06
CUS0706,Diya Reddy,Mumbai,Maharashtra,Home Office,2022-08-01
CUS0707,Ishaan Patel,Hyderabad,Telangana,Consumer,2023-08-26
CUS0708,Meera Gupta,Mumbai,Maharashtra,Consumer,2022-09-16
CUS0709,Kabir Joshi,Chennai,Tamil Nadu,Small Business,2023-09-23
CUS0710,Ananya Banerjee,Chennai,Tamil Nadu,Consumer,2022-06-15
CUS0711,Rohan Reddy,Pune,Maharashtra,Consumer,2023-01-13
CUS0712,Sara Patel,Chennai,Tamil Nadu,Consumer,2023-06-19
CUS0713,Vikram Gupta,Pune,Maharashtra,Corporate,2022-02-11
CUS0714,Nisha Joshi,Pune,Maharashtra,Small Business,2023-10-14
CUS0715,Arjun Banerjee,Kolkata,West Bengal,Small Business,2022-09-13
CUS0716,Priya Reddy,Delhi,Delhi,Consumer,2022-12-15
CUS0717,Rahul Patel,Chennai,Tamil Nadu,Consumer,2023-03-16
CUS0718,Kavya Gupta,Chennai,Tamil Nadu,Home Office,2023-03-27
CUS0719,Aditya Joshi,Visakhapatnam,Andhra Pradesh,Consumer,2022-01-17
CUS0720,Sneha Banerjee,Mumbai,Maharashtra,Small Business,2023-08-31
CUS0721,Aarav Reddy,Vijayawada,Andhra Pradesh,Corporate,2023-03-13
CUS0722,Diya Patel,Kolkata,West Bengal,Consumer,2023-12-01
CUS0723,Ishaan Gupta,Delhi,Delhi,Home Office,2022-11-27
CUS0724,Meera Joshi,Vijayawada,Andhra Pradesh,Consumer,2023-03-06
CUS0725,Kabir Banerjee,Delhi,Delhi,Consumer,2022-11-05
CUS0726,Ananya Reddy,Vijayawada,Andhra Pradesh,Corporate,2023-09-15
CUS0727,Rohan Patel,Pune,Maharashtra,Corporate,2023-08-06
CUS0728,Sara Gupta,Hyderabad,Telangana,Home Office,2023-09-29
CUS0729,Vikram Joshi,Chennai,Tamil Nadu,Corporate,2022-12-19
CUS0730,Nisha Banerjee,Mumbai,Maharashtra,Small Business,2023-07-09
CUS0731,Arjun Reddy,Pune,Maharashtra,Small Business,2022-09-09
CUS0732,Priya Patel,Bengaluru,Karnataka,Corporate,2022-11-19
CUS0733,Rahul Gupta,Kolkata,West Bengal,Consumer,2023-06-17
CUS0734,Kavya Joshi,Pune,Maharashtra,Home Office,2022-02-26
CUS0735,Aditya Banerjee,Vijayawada,Andhra Pradesh,Small Business,2023-05-13
CUS0736,Sneha Reddy,Pune,Maharashtra,Consumer,2022-01-12
CUS0737,Aarav Patel,Pune,Maharashtra,Corporate,2023-02-11
CUS0738,Diya Gupta,Bengaluru,Karnataka,Consumer,2022-12-01
CUS0739,Ishaan Joshi,Pune,Maharashtra,Consumer,2022-11-25
CUS0740,Meera Banerjee,Kolkata,West Bengal,Home Office,2022-12-13
CUS0741,Kabir Reddy,Delhi,Delhi,Consumer,2022-12-11
CUS0742,Ananya Patel,Pune,Maharashtra,Home Office,2022-10-13
CUS0743,Rohan Gupta,Mumbai,Maharashtra,Home Office,2022-11-12
CUS0744,Sara Joshi,Visakhapatnam,Andhra Pradesh,Home Office,2023-02-02
CUS0745,Vikram Banerjee,Delhi,Delhi,Consumer,2023-06-19
CUS0746,Nisha Reddy,Bengaluru,Karnataka,Consumer,2023-01-22
CUS0747,Arjun Patel,Chennai,Tamil Nadu,Home Office,2023-03-26
CUS0748,Priya Gupta,Visakhapatnam,Andhra Pradesh,Home Office,2023-08-09
CUS0749,Rahul Joshi,Visakhapatnam,Andhra Pradesh,Corporate,2023-11-24
CUS0750,Kavya Banerjee,Vijayawada,Andhra Pradesh,Small Business,2022-03-18
CUS0751,Aditya Reddy,Kolkata,West Bengal,Consumer,2023-05-15
CUS0752,Sneha Patel,Vijayawada,Andhra Pradesh,Small Business,2022-06-07
CUS0753,Aarav Gupta,Hyderabad,Telangana,Consumer,2022-05-18
CUS0754,Diya Joshi,Kolkata,West Bengal,Consumer,2023-07-10
CUS0755,Ishaan Banerjee,Chennai,Tamil Nadu,Corporate,2022-02-18
CUS0756,Meera Reddy,Bengaluru,Karnataka,Consumer,2023-08-17
CUS0757,Kabir Patel,Pune,Maharashtra,Consumer,2023-06-24
CUS0758,Ananya Gupta,Bengaluru,Karnataka,Consumer,2023-11-28
CUS0759,Rohan Joshi,Vijayawada,Andhra Pradesh,Consumer,2023-04-13
CUS0760,Sara Banerjee,Pune,Maharashtra,Home Office,2023-09-04
CUS0761,Vikram Reddy,Vijayawada,Andhra Pradesh,Consumer,2022-03-24
CUS0762,Nisha Patel,Chennai,Tamil Nadu,Corporate,2023-09-15
CUS0763,Arjun Gupta,Kolkata,West Bengal,Home Office,2022-04-23
CUS0764,Priya Joshi,Kolkata,West Bengal,Consumer,2022-08-09
CUS0765,Rahul Banerjee,Bengaluru,Karnataka,Consumer,2022-03-31
CUS0766,Kavya Reddy,Delhi,Delhi,Small Business,2022-10-09
CUS0767,Aditya Patel,Mumbai,Maharashtra,Home Office,2023-06-09
CUS0768,Sneha Gupta,Chennai,Tamil Nadu,Corporate,2022-07-07
CUS0769,Aarav Joshi,Vijayawada,Andhra Pradesh,Home Office,2023-07-30
CUS0770,Diya Banerjee,Bengaluru,Karnataka,Consumer,2023-03-01
CUS0771,Ishaan Reddy,Mumbai,Maharashtra,Consumer,2023-03-17
CUS0772,Meera Patel,Kolkata,West Bengal,Home Office,2023-10-20
CUS0773,Kabir Gupta,Hyderabad,Telangana,Consumer,2022-10-30
CUS0774,Ananya Joshi,Pune,Maharashtra,Home Office,2022-08-30
CUS0775,Rohan Banerjee,Delhi,Delhi,Corporate,2023-11-28
CUS0776,Sara Reddy,Kolkata,West Bengal,Home Office,2023-01-25
CUS0777,Vikram Patel,Bengaluru,Karnataka,Corporate,2023-03-07
CUS0778,Nisha Gupta,Vijayawada,Andhra Pradesh,Consumer,2022-07-27
CUS0779,Arjun Joshi,Visakhapatnam,Andhra Pradesh,Consumer,2022-05-31
CUS0780,Priya Banerjee,Delhi,Delhi,Consumer,2022-04-29
CUS0781,Rahul Reddy,Delhi,Delhi,Home Office,2022-06-06
CUS0782,Kavya Patel,Mumbai,Maharashtra,Consumer,2022-05-17
CUS0783,Aditya Gupta,Vijayawada,Andhra Pradesh,Consumer,2023-06-07
CUS0784,Sneha Joshi,Vijayawada,Andhra Pradesh,Consumer,2022-02-10
CUS0785,Aarav Banerjee,Chennai,Tamil Nadu,Consumer,2023-03-17
CUS0786,Diya Reddy,Mumbai,Maharashtra,Home Office,2023-10-27
CUS0787,Ishaan Patel,Hyderabad,Telangana,Consumer,2023-06-20
CUS0788,Meera Gupta,Pune,Maharashtra,Small Business,2022-10-10
CUS0789,Kabir Joshi,Chennai,Tamil Nadu,Consumer,2022-02-11
CUS0790,Ananya Banerjee,Hyderabad,Telangana,Corporate,2023-08-07
CUS0791,Rohan Reddy,Hyderabad,Telangana,Consumer,2022-01-03
CUS0792,Sara Patel,Chennai,Tamil Nadu,Consumer,2023-04-22
CUS0793,Vikram Gupta,Pune,Maharashtra,Small Business,2023-04-15
CUS0794,Nisha Joshi,Delhi,Delhi,Small Business,2022-05-15
CUS0795,Arjun Banerjee,Bengaluru,Karnataka,Small Business,2023-06-02
CUS0796,Priya Reddy,Visakhapatnam,Andhra Pradesh,Consumer,2022-05-03
CUS0797,Rahul Patel,Kolkata,West Bengal,Consumer,2022-06-07
CUS0798,Kavya Gupta,Chennai,Tamil Nadu,Corporate,2023-07-23
CUS0799,Aditya Joshi,Visakhapatnam,Andhra Pradesh,Consumer,2023-11-17
CUS0800,Sneha Banerjee,Bengaluru,Karnataka,Home Office,2022-07-05
